sftpcons,d3mIndex
0,0.0
0,51.8888888888889
0,103.777777777778
0,155.666666666667
0,207.555555555556
0,259.444444444444
0,311.33333333333303
0,363.222222222222
0,415.111111111111
0,467.0
0,233.5
0,233.5
0,233.5
0,233.5
0,233.5
1,233.5
0,233.5
0,233.5
0,233.5
0,233.5
0,233.5
0,233.5
0,233.5
0,233.5
0,233.5
0,233.5
0,233.5
0,233.5
0,233.5
0,233.5
1,233.5
1,233.5
0,233.5
1,233.5
0,233.5
0,233.5
1,233.5
0,233.5
0,233.5
0,233.5
0,233.5
0,233.5
0,233.5
0,233.5
0,233.5
0,233.5
